from_lang,success,valid,bleu,meteor,rouge1,rouge2,rougeL,rougeLsum,chrF,ter,wer
cpp,0.9849170437405732,0.72052067381317,0.2278234872960986,0.4330750134207298,0.30959437690881114,0.1544370754982299,0.27815892648691726,0.307516702748058,38.08020373516567,221.00083616095117,2.487923438426076
c,0.971342383107089,0.7142857142857143,0.20842326172890138,0.42282955667368577,0.2955887766658414,0.1423697509817385,0.2641530151560635,0.29375041761834053,37.21336767571111,250.03775746372008,2.830992578111094
go,0.9728506787330317,0.6891472868217055,0.2165060736497308,0.4331304540751106,0.30793015334125157,0.14848978807518473,0.275232956122646,0.3051217561495149,37.89118541011869,186.74534877440126,2.127373989921255
rs,0.9819004524886877,0.6536098310291859,0.20232758116069097,0.40572440967175477,0.29446503453731687,0.13941819708483577,0.2629529949709947,0.2928710430064131,36.602272987296566,210.97325950728543,2.3995577996333592
java,0.9826546003016591,0.639293937068304,0.20371233715738682,0.4045144756691523,0.30162859803802977,0.1370630683020621,0.2693451646311489,0.2988033132135739,35.19783427340254,186.0741647008672,2.03336429017941
py,0.9788838612368024,0.5855161787365177,0.2183837760501077,0.4236217893097719,0.31242818850059567,0.1450411184707472,0.27765685691476577,0.30966390819441153,37.06648563891708,209.73485653074414,2.314077835882729
js,0.9826546003016591,0.5740598618572524,0.22924200492783242,0.4317468139596032,0.3149661089847532,0.1568472929025181,0.2815079301465797,0.31261268232917955,38.15057529430337,222.43141564470903,2.4843346004196802
