from_lang,mean_valid,mean_bleu,mean_success
cpp,0.7160292921074044,0.19098155312218257,0.9847756410256411
c,0.7155812036273702,0.17242446913634413,0.9719551282051282
go,0.6885784716516024,0.1810873584192956,0.9743795036028823
rs,0.645240032546786,0.1714720163606732,0.9792828685258964
java,0.6277372262773723,0.17255770225828226,0.9840383080606544
py,0.5756336876533116,0.18234619243815325,0.9776179056754596
js,0.5680521597392013,0.18901846442806858,0.9816
