from_lang,mean_valid,mean_bleu,mean_success
cpp,0.694980694980695,0.17842467628325687,0.9773584905660377
c,0.6877470355731226,0.17469421326548842,0.9583333333333334
java,0.6513409961685823,0.15015703344781978,0.9886363636363636
rs,0.6472868217054264,0.16570451505722084,0.9772727272727273
go,0.6468253968253969,0.1239822365377407,0.9545454545454546
js,0.6061776061776062,0.1980894783275497,0.9810606060606061
py,0.5220883534136547,0.1313483341976702,0.9431818181818182
