from_lang,success,valid
js,0.4366013071895425,0.12549019607843137
py,0.41830065359477125,0.11895424836601307
java,0.3934640522875817,0.10522875816993464
go,0.32222222222222224,0.0934640522875817
c,0.3026143790849673,0.09411764705882353
cpp,0.29869281045751633,0.0915032679738562
rs,0.3130718954248366,0.08496732026143791
