task,mean_valid,mean_bleu,mean_success
int_cmp,0.7593818984547461,0.23888118391134447,0.978401727861771
int_arith,0.7061503416856492,0.15004514196075908,0.9502164502164502
int_factors,0.5442477876106194,0.10937292678121723,0.9783549783549783
bit_ops,0.5391498881431768,0.14337193489937242,0.9675324675324676
