to_lang,success,valid
rs,0.5647058823529412,0.2019607843137255
c,0.49411764705882355,0.1503267973856209
go,0.46862745098039216,0.15816993464052287
cpp,0.5222222222222223,0.09084967320261438
java,0.25163398692810457,0.07124183006535947
js,0.0803921568627451,0.023529411764705882
py,0.10326797385620914,0.01764705882352941
