to_lang,mean_valid,mean_bleu,mean_success
js,0.8957307060755336,0.11248110726142757,0.9751801441152922
py,0.8609756097560975,0.1180302866944037,0.9832134292565947
java,0.6986076986076986,0.1934642977543753,0.977582065652522
rs,0.6669394435351882,0.1679868705844882,0.978382706164932
go,0.49391727493917276,0.21370149259278345,0.9871897518014412
cpp,0.46197874080130824,0.23680864680880678,0.9737261146496815
c,0.4591503267973856,0.21723718066806919,0.9784172661870504
