to_lang,success,valid,codebleu,bleu,meteor,rouge1,rouge2,rougeL,rougeLsum,chrF,ter,wer
js,0.9941176470588236,0.9178172255095332,0.3152755743661625,0.15636941257227657,0.37729469680710265,0.22828156305417674,0.08712960015515907,0.2015567707662751,0.2268424046417767,29.048200170601646,221.70527635483316,2.6240105152942905
py,0.9967320261437909,0.8937704918032787,0.2850968925799548,0.14211830913177365,0.3686370095834642,0.22918699861699893,0.08585889813318194,0.20471647686508884,0.22697486873663406,32.473539271650736,235.25130740345097,2.904442352300123
java,0.9973856209150327,0.7352555701179554,0.3759106179493636,0.24492854621052124,0.46068418425752533,0.3253156477210465,0.1776532071090769,0.2993956553157926,0.32430119756869435,43.88576404758818,298.4292976585744,3.5608474193202992
go,0.9967320261437909,0.5160655737704918,0.35286070845784806,0.21843349149846514,0.417341123321043,0.3335428784427184,0.16918453243988799,0.2992376210752684,0.3326992567124831,39.11576491994576,299.1511174136548,2.988461157341238
c,0.9901960784313726,0.48052805280528055,0.31658724704357427,0.2542524453097847,0.443395096375119,0.32225612815944854,0.16354653813497336,0.28074777806264933,0.3198792297082034,39.85347980642506,145.4895877480392,1.5415243983372724
cpp,0.9928104575163399,0.44832126398946676,0.37744053311391856,0.282632520302194,0.4886526678581794,0.4010344419460623,0.2258798258845391,0.35950867338111847,0.3953743961851211,42.7944359331432,158.22424426292713,1.6979238378613641
rs,0.9901960784313726,0.4,0.3784681179064725,0.23268100921333665,0.4329738597236251,0.3202605181767412,0.13635853306713747,0.28293635536958756,0.3174474693031457,36.60522204609998,149.2693808610845,1.5994426816098708
