to_lang,mean_valid,mean_bleu,mean_success
js,0.8588235294117647,0.09155280012173503,0.9659090909090909
py,0.8294573643410853,0.06843693817315964,0.9772727272727273
java,0.6823529411764706,0.19804798835938092,0.9659090909090909
rs,0.6640625,0.19935510246708915,0.9696969696969697
cpp,0.49800796812749004,0.20789048585642292,0.9507575757575758
c,0.49416342412451364,0.22292900898123974,0.969811320754717
go,0.43243243243243246,0.1374274395238093,0.9810606060606061
