to_lang,success,valid,bleu,meteor,rouge1,rouge2,rougeL,rougeLsum,chrF,ter,wer
js,0.9751131221719457,0.8986852281515855,0.15615256917633133,0.37731019991881326,0.22873106622737982,0.08763124159918545,0.2023441129899421,0.22735711682000811,28.98454610186868,218.5672926601226,2.586429459630638
py,0.9849170437405732,0.8675344563552833,0.14412777331918233,0.3684167069309496,0.22974541565765752,0.08644932091073587,0.20532035985306257,0.2275949518171661,32.483230286367295,232.36857495886744,2.8518327416059366
java,0.9788838612368024,0.6979969183359014,0.24371779742188135,0.4559194338848567,0.32268846590004396,0.17333795142886876,0.2967721613735827,0.3216022570237719,43.426323379627114,296.7387733850663,3.5453093876050494
rs,0.9788838612368024,0.6710323574730355,0.22767212789637778,0.4288288205642093,0.31445704074974895,0.13297841137896718,0.27844389362751615,0.311622142875776,36.01102451478845,150.52359151032329,1.6087851277082408
go,0.9879336349924586,0.5068702290076336,0.21693316700520618,0.4163186076515506,0.3322802789285342,0.16813854234801934,0.29801308767086276,0.33126861315025885,38.87070146705127,288.54067034577076,2.8838836596898245
c,0.9773755656108597,0.4699074074074074,0.24735799537287956,0.4334547531008197,0.31728602093985514,0.15999773501061165,0.27720309476901683,0.31479893834907263,38.91914800770558,145.46492390877475,1.5400312035681372
cpp,0.9720965309200603,0.46314972847168345,0.2711814992257268,0.47490238054237643,0.39202883447944553,0.2156266478198704,0.3514491962832593,0.38668190272988706,41.51667890496803,153.33187348748007,1.6460731357677265
